"Portland - West Hills, Portland, OR (KORPORTL26)"
"Southwest Portland, Portland, OR (KORPORTL303)"
"Hillsdale, Portland, OR (KORPORTL314)"
"Southwest Portland, Portland, OR (KORPORTL279)"
"Hillsdale, Portland, OR (KORPORTL364)"
"Bridlemile, Portland, OR (KORPORTL210)"
"Portland, OR (ME2298)"
"Hillsdale, Portland, OR (KORPORTL208)"
"Downtown Portland, Portland, OR (KORPORTL289)"
"Portland, OR (MODT12)"
"West Hillsdale, Portland, OR (KORPORTL414)"
"Multnomah Village North, Portland, OR (KORPORTL169)"
"N of Bridlemile School, Portland, OR (KORPORTL229)"
"Hoyt Arboretum, Portland, OR (KORPORTL322)"
"Hillsdale, Portland, OR (KORPORTL58)"
"Westerly, NW Portland, Portland, OR (KORPORTL125)"
"Downtown, Portland, OR (KORPORTL280)"
"Bridlemile, Portland, OR (KORPORTL444)"
"Brooklyn, Portland, OR (KORPORTL269)"
"Arboretum Hills, Portland, OR (KORPORTL440)"
"Sylvan - Highlands - Southwest Hills, Portland, OR (KORPORTL345)"
"Pearl District, Portland, OR (KORPORTL272)"
"Multnomah Village, Portland, OR (KORPORTL425)"
"Sylvan Highlands, Portland, OR (KORPORTL291)"
"Kronan Heights, Portland, OR (KORPORTL408)"
"Hosford - Abernethy, Portland, OR (KORPORTL398)"
"Sylvan Hilll, Portland, OR (KORPORTL416)"
"South Burlingame, Portland, OR (KORPORTL200)"
"Buckman, Portland, OR (KORPORTL286)"
"Southwest Portland, Portland, OR (KORPORTL290)"
"Southwest Portland, Portland, OR (KORPORTL308)"
"Hawthorne, Portland, OR (KORPORTL439)"
"Creston - Kenilworth, Portland, OR (KORPORTL264)"
"Portland, OR (MODT10)"
"Richmond / Stripling Weather Network, Portland, OR (KORPORTL230)"
"Portland Rowing Club, Portland, OR (KORPORTL172)"
"Waverleigh Heights, Portland, OR (KORPORTL207)"
"West Slope, Portland, OR (KORPORTL270)"
"Richmond, Portland, OR (KORPORTL250)"
"Cedar Mill, Portland, OR (KORPORTL371)"
"Northwest District, Portland, OR (KORPORTL349)"
"Irvington, Portland, OR (KORPORTL219)"
"Sellwood / West Moreland, Portland, OR (KORPORTL310)"
"NW INDUSTRIAL, Portland, OR (KORPORTL446)"
"Ashcreek (SW 52nd + Orchid), Portland, OR (KORPORTL332)"
"Crestwood, Portland, OR (KORPORTL413)"
"Laurelhurst Gates, Portland, OR (KORPORTL449)"
"Smith School, Portland, OR (KORPORTL216)"
"Irvington, Portland, OR (KORPORTL382)"
"Southwest Portland, Portland, OR (KORPORTL359)"
"Creston Park, Portland, OR (KORPORTL140)"
"West Hills, Portland, OR (KORPORTL154)"
"Southwest Portland, Portland, OR (KORPORTL454)"
"Creston-Kenilworth Secret Garden, Portland, OR (KORPORTL326)"
"West Slope, Portland, OR (KORPORTL266)"
"Raleigh Park, Portland, OR (KORPORTL136)"
"Upper Hawthorne, Portland, OR (KORPORTL90)"
"Woodstock, Portland, OR (KORPORTL330)"
"SW Portland - Tryon Creek, Portland, OR (KORPORTL245)"
"Richmond neighborhood SE 47th, Portland, OR (KORPORTL49)"
"Cedar Mill, Portland, OR (KORPORTL247)"
"Creston, Portland, OR (KORPORTL453)"
"Sabin, Portland, OR (KORPORTL437)"
"Torreyview, Portland, OR (KORPORTL221)"
"Northeast Portland, Portland, OR (KORPORTL287)"
"Woodstock, Portland, OR (KORPORTL102)"
"West Portland Park, Portland, OR (KORPORTL104)"
"Ardenwald Station #1, Portland, OR (KORPORTL227)"
"Garden Home, Portland, OR (KORPORTL62)"
"Northwest Heights, Portland, OR (KORPORTL254)"
"Skyline Heights, Portland, OR (KORPORTL369)"
"Mt Tabor, Portland, OR (KORPORTL198)"
"Cedar Hills, Portland, OR (KORPORTL292)"
"Raleigh Hills, Beaverton, OR (KORBEAVE74)"
"Humboldt, Portland, OR (KORPORTL206)"
"Ashcreek, Portland, OR (KORPORTL298)"
"South Tabor, Portland, OR (KORPORTL311)"
"Portland, OR (KORPORTL143)"
"Southwest Portland, Portland, OR (KORPORTL259)"
"Historic Milwaukie, Milwaukie, OR (KORMILWA12)"
"Portland, OR (MOD103)"
"Overlook, Portland, OR (KORPORTL447)"
"Portland, OR (MD3762)"
"Foster-Powell, SE 63rd, Portland, OR (KORPORTL81)"
"Forest Heights, Portland, OR (KORPORTL155)"
"Peterkort, Portland, OR (KORPORTL377)"
"Beaumont-Wilshire, Portland, OR (KORPORTL215)"
"Milwaukie, OR (KORMILWA5)"
"Hollywood-Rose City Park, Portland, OR (KORPORTL232)"
"Dunthorpe, Portland, OR (KORPORTL435)"
"Cedar Hills, Portland, OR (KORPORTL262)"
"Cedar Mill-Peterkort, Cedar Mill, OR (KORPORTL148)"
"Walker/217, Beaverton, OR (KORBEAVE25)"
"Rose City Park .Normandale NE, Portland, OR (KORPORTL222)"
"Mountain Park, Lake Oswego, OR, Lake Oswego, OR (KORLAKEO26)"
"Southeast Portland, Portland, OR (KORPORTL299)"
"Milwaukie, OR (KORMILWA3)"
"Kittyland Love Center, E Tabor, Portland, OR (KORPORTL228)"
"Foster-Powell, SE 74th, Portland, OR (KORPORTL324)"
"Stanley at Johnson Creek, Portland, OR (KORPORTL410)"
"Southeast Portland, Portland, OR (KORPORTL315)"
"Beaumont Village Lofts, Portland, OR (KORPORTL191)"
"Lake Oswego, OR (ME1133)"
"Logus-Stanley, Milwaukie, OR (KORMILWA6)"
"Taborvilla, Portland, OR (KORPORTL358)"
"Concordia University, Portland, OR (KORPORTL100)"
"Kenton, Portland, OR (KORPORTL333)"
"Northeast 78th Avenue, Portland, OR (KORPORTL354)"
"Kenton, Portland, OR (KORPORTL63)"
"Sacramento Ridge, Portland, OR (KORPORTL418)"
"Portland, OR (MODT14)"
"Portland, OR (MD9370)"
"Southeast Portland, Portland, OR (KORPORTL258)"
"Mikeshouse Cully, Portland, OR (KORPORTL415)"
"Linwood Neighborhood, Milwaukie, Or, Milwaukie, OR (KORMILWA17)"
"Madison South Neighborhood, Portland, OR (KORPORTL282)"
"Forest Park, Portland, OR (KORPORTL203)"
"TinyHouse, Portland, OR (KORPORTL352)"
"Lents Neighborhood, Portland, OR (KORPORTL52)"
"Starkwood, Portland, OR (KORPORTL150)"
"Parkrose Heights, Portland, OR (KORPORTL318)"
"Mt Scott 876', Happy Valley, OR (KORHAPPY8)"
"Mt. Scott/el. 1000', Happy Valley, OR (KORHAPPY7)"
"Powellhurst-Gilbert, Portland, OR (KORPORTL424)"
"Southeast Portland, Portland, OR (KORPORTL253)"
"Russell, Portland, OR (KORPORTL189)"
"Portland, OR (MKPQR)"
"Muldokken's house, Portland, OR (KORPORTL249)"
"Mountain Gate Rd, Happy Valley, OR (KORHAPPY20)"
"Red's House, Portland, OR (KORPORTL186)"
"Pleasant Valley, Portland, OR (KORPORTL217)"
"Donatello Loop, Happy Valley, OR (KORHAPPY11)"
"Happy Valley, OR, Happy Valley, OR (KORHAPPY15)"
"Happy Valley Heights, Happy Valley, OR (KORHAPPY12)"
"Old Evergreen Highway, Vancouver, WA (KWAVANCO156)"
"Southern Ridge Neighborhood, Happy Valley, OR (KORHAPPY16)"
